<?xml version="1.0" encoding="utf-8" ?>
<dwsync>
<file name="image1.png" server="C:/xampp/htdocs/" local="130740905290000000" remote="130740905290000000" Dst="1" />
<file name="image10.png" server="C:/xampp/htdocs/" local="130740905290000000" remote="130740905290000000" Dst="1" />
<file name="image11.png" server="C:/xampp/htdocs/" local="130740905290000000" remote="130740905290000000" Dst="1" />
<file name="image12.png" server="C:/xampp/htdocs/" local="130740905290000000" remote="130740905290000000" Dst="1" />
<file name="image13.png" server="C:/xampp/htdocs/" local="130740905290000000" remote="130740905290000000" Dst="1" />
<file name="image14.png" server="C:/xampp/htdocs/" local="130740905290000000" remote="130740905290000000" Dst="1" />
<file name="image2.png" server="C:/xampp/htdocs/" local="130740905290000000" remote="130740905290000000" Dst="1" />
<file name="image3.png" server="C:/xampp/htdocs/" local="130740905290000000" remote="130740905290000000" Dst="1" />
<file name="image4.png" server="C:/xampp/htdocs/" local="130740905290000000" remote="130740905290000000" Dst="1" />
<file name="image5.png" server="C:/xampp/htdocs/" local="130740905290000000" remote="130740905290000000" Dst="1" />
<file name="image6.png" server="C:/xampp/htdocs/" local="130740905290000000" remote="130740905290000000" Dst="1" />
<file name="image7.png" server="C:/xampp/htdocs/" local="130740905290000000" remote="130740905290000000" Dst="1" />
<file name="image8.png" server="C:/xampp/htdocs/" local="130740905290000000" remote="130740905290000000" Dst="1" />
<file name="image9.png" server="C:/xampp/htdocs/" local="130740905290000000" remote="130740905290000000" Dst="1" />
</dwsync>