<?xml version="1.0" encoding="utf-8" ?>
<dwsync>
<file name="beetailer-icon.png" server="C:/xampp/htdocs/" local="130740905290000000" remote="130740905290000000" Dst="1" />
<file name="elegantthemes-icon.png" server="C:/xampp/htdocs/" local="130740905290000000" remote="130740905290000000" Dst="1" />
<file name="rockettheme-icon.png" server="C:/xampp/htdocs/" local="130740905290000000" remote="130740905290000000" Dst="1" />
<file name="sugaroutfitters-icon.png" server="C:/xampp/htdocs/" local="130740905290000000" remote="130740905290000000" Dst="1" />
<file name="templatemonster-icon.png" server="C:/xampp/htdocs/" local="130740905290000000" remote="130740905290000000" Dst="1" />
<file name="themeforest-icon.png" server="C:/xampp/htdocs/" local="130740905290000000" remote="130740905290000000" Dst="1" />
<file name="woothemes-icon.png" server="C:/xampp/htdocs/" local="130740905290000000" remote="130740905290000000" Dst="1" />
<file name="wpmu-icon.png" server="C:/xampp/htdocs/" local="130740905290000000" remote="130740905290000000" Dst="1" />
</dwsync>