<?xml version="1.0" encoding="utf-8" ?>
<dwsync>
<file name="texture.png" server="C:/Program Files (x86)/EasyPHP-DevServer-14.1VC11/data/localweb/projects/" local="130745049342668501" remote="130745049340000000" Dst="-1" />
<file name="addpatient.png" server="C:/Program Files (x86)/EasyPHP-DevServer-14.1VC11/data/localweb/projects/" local="130745069233559633" remote="130745069230000000" Dst="-1" />
<file name="linen.jpg" server="C:/xampp/htdocs" local="129511942820000000" remote="129511942820000000" Dst="1" />
<file name="addclicked.png" server="C:/xampp/htdocs/" local="130745069350686597" remote="130745069350000000" Dst="1" />
<file name="addpatient.png" server="C:/xampp/htdocs/" local="130745069233559633" remote="130745069230000000" Dst="1" />
<file name="grey.jpg" server="C:/xampp/htdocs/" local="130760547287202153" remote="130760547280000000" Dst="1" />
<file name="texture.png" server="C:/xampp/htdocs/" local="130745049342668501" remote="130745049340000000" Dst="1" />
<file name="linen.jpg" server="C:/xampp/htdocs/" local="129511942820000000" remote="129511942820000000" Dst="1" />
</dwsync>