<?xml version="1.0" encoding="utf-8" ?>
<dwsync>
<file name="image01.png" server="C:/xampp/htdocs/" local="130740905290000000" remote="130740905290000000" Dst="1" />
<file name="image02.png" server="C:/xampp/htdocs/" local="130740905290000000" remote="130740905290000000" Dst="1" />
<file name="image11.png" server="C:/xampp/htdocs/" local="130740905290000000" remote="130740905290000000" Dst="1" />
<file name="image110.png" server="C:/xampp/htdocs/" local="130740905290000000" remote="130740905290000000" Dst="1" />
<file name="image12.png" server="C:/xampp/htdocs/" local="130740905290000000" remote="130740905290000000" Dst="1" />
<file name="image13.png" server="C:/xampp/htdocs/" local="130740905290000000" remote="130740905290000000" Dst="1" />
<file name="image14.png" server="C:/xampp/htdocs/" local="130740905290000000" remote="130740905290000000" Dst="1" />
<file name="image15.png" server="C:/xampp/htdocs/" local="130740905290000000" remote="130740905290000000" Dst="1" />
<file name="image16.png" server="C:/xampp/htdocs/" local="130740905290000000" remote="130740905290000000" Dst="1" />
<file name="image17.png" server="C:/xampp/htdocs/" local="130740905290000000" remote="130740905290000000" Dst="1" />
<file name="image18.png" server="C:/xampp/htdocs/" local="130740905290000000" remote="130740905290000000" Dst="1" />
<file name="image19.png" server="C:/xampp/htdocs/" local="130740905290000000" remote="130740905290000000" Dst="1" />
<file name="image21.png" server="C:/xampp/htdocs/" local="130740905290000000" remote="130740905290000000" Dst="1" />
<file name="image22.png" server="C:/xampp/htdocs/" local="130740905290000000" remote="130740905290000000" Dst="1" />
<file name="image23.png" server="C:/xampp/htdocs/" local="130740905290000000" remote="130740905290000000" Dst="1" />
<file name="image24.png" server="C:/xampp/htdocs/" local="130740905290000000" remote="130740905290000000" Dst="1" />
<file name="image31.png" server="C:/xampp/htdocs/" local="130740905290000000" remote="130740905290000000" Dst="1" />
<file name="image32.png" server="C:/xampp/htdocs/" local="130740905290000000" remote="130740905290000000" Dst="1" />
<file name="image33.png" server="C:/xampp/htdocs/" local="130740905290000000" remote="130740905290000000" Dst="1" />
<file name="image34.png" server="C:/xampp/htdocs/" local="130740905290000000" remote="130740905290000000" Dst="1" />
<file name="image35.png" server="C:/xampp/htdocs/" local="130740905290000000" remote="130740905290000000" Dst="1" />
<file name="image36.png" server="C:/xampp/htdocs/" local="130740905290000000" remote="130740905290000000" Dst="1" />
<file name="image37.png" server="C:/xampp/htdocs/" local="130740905290000000" remote="130740905290000000" Dst="1" />
<file name="image38.png" server="C:/xampp/htdocs/" local="130740905290000000" remote="130740905290000000" Dst="1" />
</dwsync>