<?xml version="1.0" encoding="utf-8" ?>
<dwsync>
<file name="activate-use-xdebug.html" server="C:/xampp/htdocs/" local="130740905290000000" remote="130740905290000000" Dst="1" />
<file name="activate-use-xdebug.pdf" server="C:/xampp/htdocs/" local="130740905300000000" remote="130740905300000000" Dst="1" />
<file name="backup-restore-mysql.html" server="C:/xampp/htdocs/" local="130740905290000000" remote="130740905290000000" Dst="1" />
<file name="backup-restore-mysql.pdf" server="C:/xampp/htdocs/" local="130740905300000000" remote="130740905300000000" Dst="1" />
<file name="configure-vhosts.html" server="C:/xampp/htdocs/" local="130740905290000000" remote="130740905290000000" Dst="1" />
<file name="configure-vhosts.pdf" server="C:/xampp/htdocs/" local="130740905300000000" remote="130740905300000000" Dst="1" />
<file name="configure-wildcard-subdomains.html" server="C:/xampp/htdocs/" local="130740905290000000" remote="130740905290000000" Dst="1" />
<file name="configure-wildcard-subdomains.pdf" server="C:/xampp/htdocs/" local="130740905300000000" remote="130740905300000000" Dst="1" />
<file name="create-framework-project-zf1.html" server="C:/xampp/htdocs/" local="130740905290000000" remote="130740905290000000" Dst="1" />
<file name="create-framework-project-zf1.pdf" server="C:/xampp/htdocs/" local="130740905300000000" remote="130740905300000000" Dst="1" />
<file name="create-framework-project-zf2.html" server="C:/xampp/htdocs/" local="130740905290000000" remote="130740905290000000" Dst="1" />
<file name="create-framework-project-zf2.pdf" server="C:/xampp/htdocs/" local="130740905300000000" remote="130740905300000000" Dst="1" />
<file name="deploy-git-app.html" server="C:/xampp/htdocs/" local="130740905290000000" remote="130740905290000000" Dst="1" />
<file name="deploy-git-app.pdf" server="C:/xampp/htdocs/" local="130740905290000000" remote="130740905290000000" Dst="1" />
<file name="install-wordpress.html" server="C:/xampp/htdocs/" local="130740905290000000" remote="130740905290000000" Dst="1" />
<file name="install-wordpress.pdf" server="C:/xampp/htdocs/" local="130740905300000000" remote="130740905300000000" Dst="1" />
<file name="reset-mysql-password.html" server="C:/xampp/htdocs/" local="130740905290000000" remote="130740905290000000" Dst="1" />
<file name="reset-mysql-password.pdf" server="C:/xampp/htdocs/" local="130740905290000000" remote="130740905290000000" Dst="1" />
<file name="send-mail.html" server="C:/xampp/htdocs/" local="130740905290000000" remote="130740905290000000" Dst="1" />
<file name="send-mail.pdf" server="C:/xampp/htdocs/" local="130740905290000000" remote="130740905290000000" Dst="1" />
<file name="transfer-files-ftp.html" server="C:/xampp/htdocs/" local="130740905290000000" remote="130740905290000000" Dst="1" />
<file name="transfer-files-ftp.pdf" server="C:/xampp/htdocs/" local="130740905300000000" remote="130740905300000000" Dst="1" />
<file name="troubleshoot-apache.html" server="C:/xampp/htdocs/" local="130740905290000000" remote="130740905290000000" Dst="1" />
<file name="troubleshoot-apache.pdf" server="C:/xampp/htdocs/" local="130740905300000000" remote="130740905300000000" Dst="1" />
<file name="use-different-php-version.html" server="C:/xampp/htdocs/" local="130740905290000000" remote="130740905290000000" Dst="1" />
<file name="use-different-php-version.pdf" server="C:/xampp/htdocs/" local="130740905300000000" remote="130740905300000000" Dst="1" />
<file name="use-php-fcgi.html" server="C:/xampp/htdocs/" local="130740905290000000" remote="130740905290000000" Dst="1" />
<file name="use-php-fcgi.pdf" server="C:/xampp/htdocs/" local="130740905290000000" remote="130740905290000000" Dst="1" />
</dwsync>