<?xml version="1.0" encoding="utf-8" ?>
<dwsync>
<file name="forms.css" server="C:/xampp/htdocs" local="130760593603849931" remote="130760593600000000" Dst="1" />
<file name="addStyle.css" server="C:/xampp/htdocs" local="130760593462091757" remote="130760593460000000" Dst="1" />
<file name="script.js" server="C:/xampp/htdocs" local="130757261363654445" remote="130757261360000000" Dst="1" />
<file name="addPatient.php" server="C:/xampp/htdocs" local="130760579556813009" remote="130760579550000000" Dst="1" />
<file name="style.css" server="C:/xampp/htdocs" local="130760553654593517" remote="130760553650000000" Dst="1" />
<file name="login.php" server="C:/xampp/htdocs" local="130759731820199248" remote="130759731820000000" Dst="1" />
<file name="menu.php" server="C:/xampp/htdocs/" local="130760552340188832" remote="130760552340000000" Dst="1" />
<file name="temp.html" server="C:/xampp/htdocs/" local="130745221117857159" remote="130745221110000000" Dst="1" />
<file name="viewData.php" server="C:/xampp/htdocs/" local="130760593287852341" remote="130760593280000000" Dst="1" />
<file name="viewStyle.css" server="C:/xampp/htdocs/" local="130760593183055849" remote="130760593180000000" Dst="1" />
<file name="style.css" server="C:/xampp/htdocs/" local="130761690088801328" remote="130761690080000000" Dst="1" />
<file name="forms.css" server="C:/xampp/htdocs/" local="130761690555175421" remote="130761690550000000" Dst="1" />
<file name="login.php" server="C:/xampp/htdocs/" local="130759731820199248" remote="130759731820000000" Dst="1" />
</dwsync>