<?xml version="1.0" encoding="utf-8" ?>
<dwsync>
<file name="cn.png" server="C:/xampp/htdocs/" local="130740905290000000" remote="130740905290000000" Dst="1" />
<file name="de.png" server="C:/xampp/htdocs/" local="130740905290000000" remote="130740905290000000" Dst="1" />
<file name="en.png" server="C:/xampp/htdocs/" local="130740905290000000" remote="130740905290000000" Dst="1" />
<file name="es.png" server="C:/xampp/htdocs/" local="130740905290000000" remote="130740905290000000" Dst="1" />
<file name="fr.png" server="C:/xampp/htdocs/" local="130740905290000000" remote="130740905290000000" Dst="1" />
<file name="hu.png" server="C:/xampp/htdocs/" local="130740905290000000" remote="130740905290000000" Dst="1" />
<file name="it.png" server="C:/xampp/htdocs/" local="130740905290000000" remote="130740905290000000" Dst="1" />
<file name="jp.png" server="C:/xampp/htdocs/" local="130740905290000000" remote="130740905290000000" Dst="1" />
<file name="pl.png" server="C:/xampp/htdocs/" local="130740905290000000" remote="130740905290000000" Dst="1" />
<file name="pt.png" server="C:/xampp/htdocs/" local="130740905290000000" remote="130740905290000000" Dst="1" />
<file name="pt_br.png" server="C:/xampp/htdocs/" local="130740905290000000" remote="130740905290000000" Dst="1" />
<file name="ro.png" server="C:/xampp/htdocs/" local="130740905290000000" remote="130740905290000000" Dst="1" />
<file name="ru.png" server="C:/xampp/htdocs/" local="130740905290000000" remote="130740905290000000" Dst="1" />
<file name="tr.png" server="C:/xampp/htdocs/" local="130740905290000000" remote="130740905290000000" Dst="1" />
<file name="ur.png" server="C:/xampp/htdocs/" local="130740905290000000" remote="130740905290000000" Dst="1" />
<file name="zh_cn.png" server="C:/xampp/htdocs/" local="130740905290000000" remote="130740905290000000" Dst="1" />
<file name="zh_tw.png" server="C:/xampp/htdocs/" local="130740905290000000" remote="130740905290000000" Dst="1" />
</dwsync>